source,headline,headline_processed,headline_length,unique_words,buzzword_frequency,word_length,word_length_processed,upper_words,sensational
Associated Press,Israeli airstrikes on Gaza resume after weeklong truce with Hamas ends,isra airstrik gaza resum weeklong truce hama end,11,1.0,0.0,5.454545454545454,5.125,0.0,0
Associated Press,"Flu is on the rise while RSV infections may be peaking, US health officials say",flu rise rsv infect may peak u health offici say,15,1.0,0.06666666666666667,4.333333333333333,3.9,0.13333333333333333,0
Associated Press,Can The Oscars Telecast Solve Its Dwindling Viewership Problem By Starting Earlier? We’ll Find Out.,oscar telecast solv dwindl viewership problem start earlier well find,15,1.0,0.06666666666666667,5.666666666666667,6.0,0.0,0
Associated Press,Federal Judge Blocks Montana’s TikTok Ban,feder judg block montana tiktok ban,6,1.0,0.0,6.0,5.0,0.0,0
Associated Press,Report: Belief death penalty is applied unfairly shows capital punishment's growing isolation in US,report belief death penalti appli unfairli show capit punish grow isol u,14,1.0,0.0,6.142857142857143,5.083333333333333,0.07142857142857142,0
Associated Press,"Top world leaders talk of climate crisis at UN summit. They say they must act on fossil fuels, war",top world leader talk climat crisi un summit say must act fossil fuel war,19,1.0,0.05263157894736842,4.2105263157894735,4.285714285714286,0.05263157894736842,0
Associated Press,The resumption of the Israel-Hamas war casts long shadow over Dubai's COP28 climate talks,resumpt israelhama war cast long shadow dubai cop climat talk,14,1.0,0.0,5.428571428571429,5.2,0.07142857142857142,0
Associated Press,What if Donald Trump is convicted? The 2024 Republican convention rules don't address the issue,donald trump convict republican convent rule dont address issu,15,1.0,0.0,5.4,6.0,0.0,0
Associated Press,An appeals court reinstates gag order that barred Trump from maligning court staff in NY fraud trial,appeal court reinstat gag order bar trump malign court staff ny fraud trial,17,0.9230769230769231,0.0,4.9411764705882355,4.846153846153846,0.058823529411764705,0
Associated Press,Santos hangs by thread...,santo hang thread,4,1.0,0.0,5.5,5.0,0.0,0
Associated Press,"Actress Frances Sternhagen, 93",actress franc sternhagen,4,1.0,0.0,6.75,7.333333333333333,0.0,0
Associated Press,"UN weather agency says 2023 is the hottest year on record, warns of further climate extremes ahead",un weather agenc say hottest year record warn climat extrem ahead,17,1.0,0.058823529411764705,4.823529411764706,5.0,0.058823529411764705,0
Associated Press,A Jewish pioneer...,jewish pioneer,3,1.0,0.0,5.666666666666667,6.5,0.3333333333333333,0
Associated Press,Israel releases more Palestinian prisoners on sixth day of Gaza truce after Hamas frees 16 hostages,israel releas palestinian prison sixth day gaza truce hama free hostag,16,1.0,0.0625,5.25,5.454545454545454,0.0,0
Associated Press,Astronomers Discover Star With 6 Planets That Orbit Perfectly in Sync...,astronom discov star planet orbit perfectli sync,11,1.0,0.0,5.636363636363637,6.0,0.0,0
Associated Press,Pope punishes leading critic in second action against conservative American...,pope punish lead critic second action conserv american,10,1.0,0.0,6.9,5.875,0.0,0
Associated Press,Biden targets Boebert in her district in fresh political attack on Republicans...,biden target boebert district fresh polit attack republican,12,1.0,0.0,5.833333333333333,6.5,0.0,0
Associated Press,US military Osprey aircraft with 6 aboard crashes off southern Japan...,u militari osprey aircraft aboard crash southern japan,11,1.0,0.0,5.545454545454546,5.875,0.09090909090909091,0
Associated Press,"Mark Cuban working on $3.5B sale of Dallas Mavericks to Sands casino family, AP source says",mark cuban work b sale dalla maverick sand casino famili ap sourc say,16,1.0,0.0625,4.75,4.384615384615385,0.125,0
Associated Press,Texas women who could not get abortions despite health risks take challenge to state's Supreme Court,texa woman could get abort despit health risk take challeng state suprem court,16,1.0,0.0625,5.3125,5.076923076923077,0.0,0
Associated Press,3 young Palestinian men were shot in Vermont. Their families thought the US would be safer,young palestinian men shot vermont famili thought u would safer,16,1.0,0.0,4.6875,5.4,0.0625,0
Associated Press,“Authentic” Is Merriam-Webster’s Word Of The Year 2023,authent merriamwebst word year,8,1.0,0.0,5.875,6.75,0.0,0
Associated Press,Tensions at Arizona farms as foreign firms exploit water...,tension arizona farm foreign firm exploit water,9,1.0,0.0,5.666666666666667,5.857142857142857,0.0,0
Associated Press,"France to ban smoking on beaches at it seeks to avoid 75,000 tobacco-related deaths per year",franc ban smoke beach seek avoid tobaccorel death per year,16,1.0,0.0,4.8125,4.9,0.0,0
Associated Press,Freed Israeli hostage describes deteriorating conditions while being held by Hamas,freed isra hostag describ deterior condit held hama,11,1.0,0.0,6.545454545454546,5.5,0.0,0
Associated Press,"As Dubai prepares for COP28, some world leaders signal they won't attend climate talks",dubai prepar cop world leader signal wont attend climat talk,14,1.0,0.0,5.214285714285714,5.1,0.07142857142857142,0
Associated Press,"Israel and Hamas extend their truce, but it seems only a matter of time before the war resumes",israel hama extend truce seem matter time war resum,18,1.0,0.0,4.277777777777778,4.777777777777778,0.0,0
Associated Press,"41 workers trapped in a collapsed tunnel in India for 17 days are on verge of rescue, official says",worker trap collaps tunnel india day verg rescu offici say,19,1.0,0.10526315789473684,4.2631578947368425,4.9,0.0,0
Associated Press,The Don hints at expanded role for military within USA...,hint expand role militari within usa,10,1.0,0.0,4.8,5.166666666666667,0.1,0
Associated Press,"With antisemitism rising as Israel-Hamas war rages, Europe's Jews worry...",antisemit rise israelhama war rage europ jew worri,10,1.0,0.0,6.5,5.375,0.0,0
Associated Press,"Israeli forces kill at least 8 Palestinians in surging West Bank violence, health officials say",isra forc kill least palestinian surg west bank violenc health offici say,15,1.0,0.06666666666666667,5.4,5.166666666666667,0.0,0
Associated Press,Santos expects to be kicked out of Congress as expulsion vote looms...,santo expect kick congress expuls vote loom,12,1.0,0.0,4.916666666666667,5.285714285714286,0.0,0
Associated Press,The Don looks to upstage at her alma mater's football game...,look upstag alma mater footbal game,11,1.0,0.0,4.636363636363637,5.0,0.0,0
Associated Press,ESCAPE FROM HELL,escap hell,3,1.0,0.0,4.666666666666667,4.5,1.0,0
Associated Press,Ex-officer convicted in George Floyd killing stabbed in prison...,exoffic convict georg floyd kill stab prison,9,1.0,0.0,6.333333333333333,5.428571428571429,0.0,0
Associated Press,NBA investigating allegations of player having inappropriate relationship with minor...,nba investig alleg player inappropri relationship minor,10,1.0,0.0,7.8,7.0,0.1,0
Associated Press,CEASE-FIRE BEGINS,ceasefir begin,2,1.0,0.0,8.0,6.5,1.0,0
Associated Press,South African Olympic runner Oscar Pistorius granted parole 10 years after killing his girlfriend,south african olymp runner oscar pistoriu grant parol year kill girlfriend,14,1.0,0.0,6.0,5.818181818181818,0.0,0
Associated Press,"DDG founder says Google's phone, manufacturing partnerships thwart competition",ddg founder say googl phone manufactur partnership thwart competit,9,1.0,0.1111111111111111,7.777777777777778,6.444444444444445,0.1111111111111111,0
Associated Press,Qatar says Gaza cease-fire will begin at Friday morning...,qatar say gaza ceasefir begin friday morn,9,1.0,0.1111111111111111,5.555555555555555,5.0,0.0,0
Associated Press,Israel unveils what it claims is a major Hamas militant hideout beneath Gaza City's Shifa Hospital,israel unveil claim major hama milit hideout beneath gaza citi shifa hospit,16,1.0,0.0,5.1875,5.333333333333333,0.0,0
Associated Press,Europe Jolted!,europ jolt,2,1.0,0.0,6.5,4.5,0.0,0
Associated Press,"JFK assassination remembered 60 years later by surviving witnesses to history, including AP reporter",jfk assassin rememb year later surviv wit histori includ ap report,14,1.0,0.0,6.214285714285714,5.090909090909091,0.14285714285714285,0
Associated Press,"2 dead after vehicle explodes at Rainbow Bridge border crossing in Niagara Falls, official says",dead vehicl explod rainbow bridg border cross niagara fall offici say,15,1.0,0.06666666666666667,5.4,5.363636363636363,0.0,0
Associated Press,"Israel and Hamas call a truce to free hostages in swap for prisoners, and allow more aid into Gaza",israel hama call truce free hostag swap prison allow aid gaza,19,1.0,0.0,4.2105263157894735,4.636363636363637,0.0,0
Associated Press,2 charged with operating Virginia sex ring that catered to wealthy clients will remain behind bars for now,charg oper virginia sex ring cater wealthi client remain behind bar,18,1.0,0.0,4.944444444444445,5.181818181818182,0.0,0
Associated Press,"At Last, Native American Playwrights Are Getting The Chance To Tell Their Peoples’ Own Stories",last nativ american playwright get chanc tell peopl stori,15,1.0,0.13333333333333333,5.333333333333333,5.444444444444445,0.0,0
Associated Press,Record crowds take to air and roads for Thanksgiving...,record crowd take air road thanksgiv,9,1.0,0.0,5.222222222222222,5.166666666666667,0.0,0
Associated Press,Exploding population of 'super pigs' threatening to spill into US states...,explod popul super pig threaten spill u state,11,1.0,0.0,5.909090909090909,4.75,0.09090909090909091,0
Associated Press,Biden's plan would raise salaries for Head Start teachers but could leave fewer spots for kids,biden plan would rais salari head start teacher could leav fewer spot kid,16,1.0,0.0625,4.9375,4.6923076923076925,0.0,0
Associated Press,Israeli approves cease-fire with Hamas...,isra approv ceasefir hama,5,1.0,0.0,7.4,5.5,0.0,0
Associated Press,"Largest crypto exchange Binance fined $4 billion, CEO pleads guilty to not stopping money laundering",largest crypto exchang binanc fine billion ceo plead guilti stop money launder,15,1.0,0.0,5.733333333333333,5.583333333333333,0.06666666666666667,0
Associated Press,South Carolina Board Of Education Considers “Age Appropriate” Standards To Keep Books Out Of Libraries,south carolina board educ consid age appropri standard keep book librari,15,1.0,0.0,5.866666666666666,5.636363636363637,0.0,0
Associated Press,Gaza health officials say they lost the ability to count dead as Israeli offensive intensifies,gaza health offici say lost abil count dead isra offens intensifi,15,1.0,0.06666666666666667,5.333333333333333,5.0,0.0,0
Associated Press,Boston Bruins forward Milan Lucic pleads not guilty to assaulting wife,boston bruin forward milan lucic plead guilti assault wife,11,1.0,0.0,5.454545454545454,5.555555555555555,0.0,0
Associated Press,"60 years after JFK's death, today's Kennedys choose other paths to public service",year jfk death today kennedi choos path public servic,13,1.0,0.0,5.3076923076923075,5.0,0.0,0
Associated Press,Ramaswamy struggles to gain traction as critics question his path ahead...,ramaswami struggl gain traction critic question path ahead,11,1.0,0.0,5.818181818181818,6.375,0.0,0
Associated Press,Record crowds take to air and roads for Thanksgiving...,record crowd take air road thanksgiv,9,1.0,0.0,5.222222222222222,5.166666666666667,0.0,0
Associated Press,"10 years later, a war-weary Ukraine reflects on events that began its collision course with Russia",year later warweari ukrain reflect event began collis cours russia,16,1.0,0.0,5.1875,5.7,0.0,0
Associated Press,Rosalynn Carter's advocacy for mental health was rooted in compassion and perseverance,rosalynn carter advocaci mental health root compass persever,12,1.0,0.0,6.25,6.625,0.0,0
Associated Press,Climate change hits women's health harder. Activists want leaders to address it at COP28,climat chang hit woman health harder activist want leader address cop,14,1.0,0.07142857142857142,5.357142857142857,5.363636363636363,0.07142857142857142,0
Associated Press,"Trump, on Biden's 81st birthday, releases doctor's note that says he's in 'excellent' health",trump biden st birthday releas doctor note say he excel health,14,1.0,0.07142857142857142,5.642857142857143,4.7272727272727275,0.0,0
Associated Press,No more Thanksgiving 'food orgy'? New obesity meds change holiday meals...,thanksgiv food orgi new obes med chang holiday meal,11,1.0,0.09090909090909091,5.818181818181818,4.777777777777778,0.0,0
Associated Press,Miss Nicaragua Sheynnis Palacios Wins Miss Universe Crown,miss nicaragua sheynni palacio win miss univers crown,8,0.875,0.0,6.25,5.75,0.0,0
Associated Press,Montana farmer stands between Republicans and Senate control...,montana farmer stand republican senat control,8,1.0,0.0,7.0,6.666666666666667,0.0,0
Associated Press,Houthi rebels hijack ship in Red Sea...,houthi rebel hijack ship red sea,7,1.0,0.0,4.714285714285714,4.5,0.0,0
Associated Press,An appeals court is set to hear arguments asking for Trump's gag order to be put back in place,appeal court set hear argument ask trump gag order put back place,19,1.0,0.0,4.0,4.5,0.0,0
Associated Press,Right-wing populist Milei set to take Argentina down uncharted path: 'No room for lukewarm measures',rightw populist milei set take argentina unchart path room lukewarm measur,15,1.0,0.0,5.733333333333333,5.818181818181818,0.0,0
Associated Press,Populist Javier Milei WINS Argentina presidency amid discontent over economy...,populist javier milei win argentina presid amid discont economi,10,1.0,0.0,7.0,6.111111111111111,0.1,0
Associated Press,Dogs coming down with unusual respiratory illness...,dog come unusu respiratori ill,7,1.0,0.0,6.571428571428571,5.2,0.0,0
Associated Press,Australia says its navy divers injured by Chinese 'unsafe' use of sonar...,australia say navi diver injur chines unsaf use sonar,12,1.0,0.08333333333333333,5.25,5.0,0.0,0
Associated Press,"Taylor Swift fan dies at Rio concert as fans complain about high temps, lack of water...",taylor swift fan dy rio concert fan complain high temp lack water,16,0.9166666666666666,0.0,4.5625,4.5,0.0,0
Associated Press,Milei echoes Trump with fraud claims that inject uncertainty into Argentina's presidential runoff...,milei echo trump fraud claim inject uncertainti argentina presidenti runoff,13,1.0,0.0,6.769230769230769,6.6,0.0,0
Associated Press,Shooter kills 1 before being fatally shot by trooper at New Hampshire psychiatric hospital,shooter kill fatal shot trooper new hampshir psychiatr hospit,14,1.0,0.07142857142857142,5.5,5.888888888888889,0.0,0
Associated Press,"Salmonella in cantaloupes sickens dozens in 15 states, U.S. health officials say",salmonella cantaloup sicken dozen state u health offici say,12,1.0,0.08333333333333333,5.75,5.666666666666667,0.08333333333333333,0
Associated Press,K-Pop star Rose joins first lady Jill Biden to talk mental health,kpop star rose join first ladi jill biden talk mental health,12,1.0,0.0,4.5,4.545454545454546,0.0,0
Associated Press,"The flu is soaring in seven US states and rising in others, health officials say",flu soar seven u state rise other health offici say,15,1.0,0.06666666666666667,4.4,4.2,0.06666666666666667,0
Associated Press,Cambodia Is Doing Mass Evictions Of Families Living At Angkor Wat,cambodia mass evict famili live angkor wat,11,1.0,0.0,5.0,5.142857142857143,0.0,0
Associated Press,Sean 'Diddy' Combs Accused Of Years Of Rape And Abuse By Singer Cassie In Lawsuit,sean diddi comb accus year rape abus singer cassi lawsuit,15,1.0,0.0,4.466666666666667,4.8,0.0,0
Associated Press,Las Vegas Grand Prix expected to smash Formula One betting records,la vega grand prix expect smash formula one bet record,11,1.0,0.09090909090909091,5.090909090909091,4.5,0.0,0
Associated Press,"Corporate, global leaders peer into a future expected to be reshaped by AI, for better or worse",corpor global leader peer futur expect reshap ai better wors,17,1.0,0.0,4.647058823529412,5.1,0.058823529411764705,0
Associated Press,Massachusetts lawmakers fail to approve $250M in emergency shelter aid,massachusett lawmak fail approv emerg shelter aid,10,1.0,0.0,6.1,6.142857142857143,0.1,0
Associated Press,Tenn. teacher charged in paddling elementary student...,tenn teacher charg paddl elementari student,7,1.0,0.0,7.0,6.333333333333333,0.0,0
Associated Press,Ohio commission approves fracking in state parks and wildlife areas,ohio commiss approv frack state park wildlif area,10,1.0,0.0,5.8,5.25,0.0,0
Associated Press,"Xi-Biden meeting seen as putting rocky relations back on course, though main differences remain",xibiden meet seen put rocki relat back cours though main differ remain,14,1.0,0.0,5.857142857142857,4.916666666666667,0.0,0
Associated Press,Thousands of STARBUCKS workers to go on one-day strike...,thousand starbuck worker go oneday strike,9,1.0,0.0,5.444444444444445,6.0,0.1111111111111111,0
Associated Press,"Justin Torres, Ned Blackhawk, Craig Santos Perez, Dan Santat Win 2023 National Book Awards",justin torr ned blackhawk craig santo perez dan santat win nation book award,14,1.0,0.0,5.5,4.923076923076923,0.0,0
Associated Press,"More pandas will be coming to the US, China's president signals",panda come u china presid signal,11,1.0,0.0,4.818181818181818,4.5,0.09090909090909091,0
Associated Press,Protest outside DNC headquarters in Washington turns violent...,protest outsid dnc headquart washington turn violent,8,1.0,0.0,7.0,6.571428571428571,0.125,0
Associated Press,Warriors' Draymond Green suspended 5 games for grabbing Rudy Gobert; 3 players fined,warrior draymond green suspend game grab rudi gobert player fine,13,1.0,0.0,5.538461538461538,5.5,0.0,0
Associated Press,Biden and Xi agree to restore some military-to-military communications between the US and China,biden xi agre restor militarytomilitari commun u china,14,1.0,0.0,5.857142857142857,5.875,0.07142857142857142,0
Associated Press,Disney To DeSantis: We Add $40 Billion To Florida’s Economy,disney desanti add billion florida economi,10,1.0,0.0,5.0,6.166666666666667,0.0,0
Buzzfeed,60 Gifts You Basically Can’t Go Wrong With,gift basic cant go wrong,8,1.0,0.125,4.375,4.0,0.0,1
Buzzfeed,"""Sprinkle A Little Pepper Under His Nose Right Before He Climaxes"" — 17 Pieces Of Sex Advice That Make Me Regret Learning To Read",sprinkl littl pepper nose right climax piec sex advic make regret learn read,24,1.0,0.041666666666666664,4.416666666666667,4.923076923076923,0.041666666666666664,1
Buzzfeed,The Absolute Funniest Reactions To George Santos Being Expelled From Congress,absolut funniest reaction georg santo expel congress,11,1.0,0.0,6.090909090909091,6.571428571428571,0.0,1
Buzzfeed,"Three Random Cities, Boygenius, Or Troye Sivan: Here Are The Funniest Gay Tweets About Spotify Wrapped",three random citi boygeniu troy sivan funniest gay tweet spotifi wrap,16,1.0,0.0,5.4375,5.363636363636363,0.0,1
Buzzfeed,41 Futuristic Gifts That’ll Make Them Feel Like They're Living In 3023,futurist gift thatll make feel like theyr live,12,1.0,0.25,4.916666666666667,4.875,0.0,1
Buzzfeed,39 Cleaning Products If You’re Determined To Expend As Little Effort As Possible,clean product your determin expend littl effort possibl,13,1.0,0.0,5.230769230769231,6.0,0.0,1
Buzzfeed,35 Home Office Items Reviewers Literally Called “Lifesavers”,home offic item review liter call lifesav,8,1.0,0.125,6.625,5.0,0.0,1
Buzzfeed,32 Products For Anyone Who Likes To Spend Friday Night Inside (And Preferably Alone),product anyon like spend friday night insid prefer alon,14,1.0,0.0,5.071428571428571,5.222222222222222,0.0,1
Buzzfeed,34 Cozy Home Products That Will Make You Want To Burrow In And Never Ever Leave,cozi home product make want burrow never ever leav,16,1.0,0.1875,4.0,4.666666666666667,0.0,1
Buzzfeed,32 Quirky Stocking Stuffers For The Even Quirkier People In Your Life,quirki stock stuffer even quirkier peopl life,12,1.0,0.08333333333333333,4.833333333333333,5.571428571428571,0.0,1
Buzzfeed,"If Traveling Brings Out The Miserable Squidward In You, You Might Need These 38 Products",travel bring miser squidward might need product,15,1.0,0.0,4.933333333333334,5.857142857142857,0.0,1
Buzzfeed,"56 Things People Posted On The Internet This Month That I Laughed At Really, Really, Really, Really, Really, Really, Really Hard",thing peopl post internet month laugh realli realli realli realli realli realli realli hard,21,0.5714285714285714,0.42857142857142855,5.142857142857143,5.571428571428571,0.047619047619047616,1
Buzzfeed,31 Products So Great Parents Have Basically Written Them Love Letters,product great parent basic written love letter,11,1.0,0.0,5.363636363636363,5.714285714285714,0.0,1
Buzzfeed,"32 Splurge-Worthy Gifts So Amazing, You May Not Be Able To Wait Until Christmas To Give Them",splurgeworthi gift amaz may abl wait christma give,17,1.0,0.058823529411764705,4.470588235294118,5.375,0.0,1
Buzzfeed,"If You Get Deep Satisfaction From Organizing Your Home, You Need These 38 Products",get deep satisfact organ home need product,14,1.0,0.14285714285714285,4.928571428571429,5.142857142857143,0.0,1
Buzzfeed,"30 Beauty Products So Easy To Use, They’ll Help You Actually Achieve A 5-Minute Morning Routine",beauti product easi use theyll help actual achiev minut morn routin,16,1.0,0.0,5.0,5.181818181818182,0.0625,1
Buzzfeed,"34 Personalized Gifts That’ll Make Them Think, “Wow, They Get Me”",person gift thatll make think wow get,11,1.0,0.36363636363636365,5.0,4.428571428571429,0.0,1
Buzzfeed,53 Products With Before And Afters That Will Make You Want To Track Delivery,product after make want track deliveri,14,1.0,0.14285714285714285,4.5,5.5,0.0,1
Buzzfeed,Give The Perfect Secret Santa Gift With These 46 Budget-Friendly Finds,give perfect secret santa gift budgetfriendli find,11,1.0,0.18181818181818182,5.454545454545454,6.285714285714286,0.0,1
Buzzfeed,Get Your Nostalgic Fix With These 29 Oh-So-Retro Finds,get nostalg fix ohsoretro find,9,1.0,0.1111111111111111,5.111111111111111,5.2,0.0,1
Buzzfeed,63 Travel Products That'll Make You Feel As Prepared As A Flight Attendant,travel product thatll make feel prepar flight attend,13,1.0,0.15384615384615385,4.769230769230769,5.625,0.07692307692307693,1
Buzzfeed,32 Gifts For Kids That'll Win You Favorite Aunt/Uncle Status,gift kid thatll win favorit auntuncl statu,10,1.0,0.2,5.1,5.142857142857143,0.0,1
Buzzfeed,37 Products With Some Real Snuggle Up Vibes,product real snuggl vibe,8,1.0,0.0,4.5,5.25,0.0,1
Buzzfeed,"49 Purchases That Basically Say ""Yes, I Am An Adult Living In An Adult Place""",purchas basic say ye adult live adult place,15,0.875,0.06666666666666667,4.2,4.5,0.06666666666666667,1
Buzzfeed,Just 31 Pieces Of Decor To Add Some Character To Your Living Space,piec decor add charact live space,13,1.0,0.0,4.153846153846154,4.666666666666667,0.0,1
Buzzfeed,35 Gifts That Even Incredibly Picky People Will Actually Love,gift even incred picki peopl actual love,10,1.0,0.3,5.2,4.857142857142857,0.0,1
Buzzfeed,11 Most Out-Of-Touch Celeb Moments Of 2023,outoftouch celeb moment,7,1.0,0.0,5.142857142857143,7.0,0.0,1
Buzzfeed,Just 26 Aesthetically Pleasing Pet Products Reviewers Really Love,aesthet pleas pet product review realli love,9,1.0,0.1111111111111111,6.333333333333333,5.428571428571429,0.0,1
Buzzfeed,37 Gifts For Anyone With An Affinity For The Finer Things In Life,gift anyon affin finer thing life,13,1.0,0.15384615384615385,4.076923076923077,4.666666666666667,0.0,1
Buzzfeed,"The Phantom Babysitter, The Curse Of The Tuberculosis House, And 22 Other Creepy Experiences People Will Never, Ever Forget",phantom babysitt curs tuberculosi hous creepi experi peopl never ever forget,19,1.0,0.05263157894736842,5.526315789473684,6.0,0.0,1
Buzzfeed,"First Responders Are Revealing The Wildest Cases They've Had At Work, And I Have No Words",first respond reveal wildest case theyv work word,16,1.0,0.0625,4.625,5.25,0.0625,1
Buzzfeed,"29 ""Boomer Complaints"" About Society That The Gen Z'er Writing This Unequivocally Agrees With",boomer complaint societi gen zer write unequivoc agre,14,1.0,0.0,5.714285714285714,5.75,0.0,1
Buzzfeed,"If You Want To Be The Best Gift-Giver In Your Friend Group, These 57 Ideas Are A Good Place To Start",want best giftgiv friend group idea good place start,21,1.0,0.09523809523809523,3.8095238095238093,4.888888888888889,0.047619047619047616,1
Buzzfeed,"If You Want To Feel Like A Genius Today, Buy One Of These 43 High-Impact Products",want feel like geniu today buy one highimpact product,16,1.0,0.125,4.125,5.0,0.0625,1
Buzzfeed,"70 Of The Best Gifts Under $10 To Give This Year, Before They Go Flying Off The Shelves",best gift give year go fli shelf,18,1.0,0.05555555555555555,3.888888888888889,3.7142857142857144,0.0,1
Buzzfeed,It's Time To Annihilate The Stains That’ve Been Haunting You With These 42 Clever Cleaning Products,time annihil stain thatv haunt clever clean product,16,1.0,0.0,5.25,5.5,0.0,1
Buzzfeed,33 Stocking Stuffers Your Kid Will Be Totally Obsessed With,stock stuffer kid total obsess,10,1.0,0.0,5.0,5.2,0.0,1
Buzzfeed,"13 Times Interviewers Roasted, Called Out, Or Shamed Rude Celebs",time interview roast call shame rude celeb,10,1.0,0.0,5.5,5.142857142857143,0.0,1
Buzzfeed,39 Travel Products That Will Only Make Your Next Getaway Better,travel product make next getaway better,11,1.0,0.09090909090909091,4.818181818181818,5.666666666666667,0.0,1
Buzzfeed,32 Practical Things For Your Home You’ll Feel So Clever For Discovering,practic thing home youll feel clever discov,12,1.0,0.25,5.0,5.285714285714286,0.0,1
Buzzfeed,31 Brilliant Products That Will Win Your Heart Instantly,brilliant product win heart instantli,9,1.0,0.0,5.333333333333333,6.6,0.0,1
Buzzfeed,We Talked To Angelo Marasigan About Being Nominated For TikTok Creator Of The Year,talk angelo marasigan nomin tiktok creator year,14,1.0,0.0,4.928571428571429,5.857142857142857,0.0,1
Buzzfeed,35 Hair Products To Help You Get A Straight-From-The-Salon Look,hair product help get straightfromthesalon look,10,1.0,0.1,5.4,7.0,0.1,1
Buzzfeed,51 Gifts Any College Student Will Be Thrilled To Receive,gift colleg student thrill receiv,10,1.0,0.1,4.7,5.8,0.0,1
Buzzfeed,35 Disney Gifts That’ll Add Some Serious Magic To Your Kid’s Holiday Season,disney gift thatll add seriou magic kid holiday season,13,1.0,0.23076923076923078,4.846153846153846,5.111111111111111,0.0,1
Buzzfeed,38 TikTok Products So Good It’ll Feel Like They Were Made Specifically For You,tiktok product good itll feel like made specif,14,1.0,0.0,4.642857142857143,4.875,0.0,1
Buzzfeed,55 Unexpected Gifts That'll Put Santa To Shame,unexpect gift thatll put santa shame,8,1.0,0.25,4.875,5.166666666666667,0.0,1
Buzzfeed,"If You’re Into Body Horror, You’ll Prob Wanna Take A Look At The Before And After Pics For These Products",your bodi horror youll prob wan na take look pic product,20,1.0,0.05,4.3,4.181818181818182,0.05,1
Buzzfeed,"""Pretty Cheap And Very Fun"": 21 Parents Shared Frugal Ways They ""Treat"" Their Kids Without Breaking The Bank",pretti cheap fun parent share frugal way treat kid without break bank,18,1.0,0.0,5.055555555555555,4.833333333333333,0.0,1
Buzzfeed,32 Products That Are Living Proof You Can Do A Whole Lot With A Tiny Space,product live proof whole lot tini space,16,1.0,0.0,3.6875,4.714285714285714,0.125,1
Buzzfeed,35 Gifts For Book Lovers That Aren’t Books,gift book lover arent book,8,0.8,0.125,4.375,4.4,0.0,1
Buzzfeed,"Here Are 37 Cleaning Products That Work Hard So You Don't Have To, Seriously",clean product work hard dont serious,14,1.0,0.0,4.5,5.166666666666667,0.0,1
Buzzfeed,37 Practical Gifts Under $25 You’ll Want For Everyone On Your List,practic gift youll want everyon list,12,1.0,0.25,4.583333333333333,5.166666666666667,0.0,1
Buzzfeed,Just 47 Pieces Of Holiday Decor To Make Your Home More Festive Inside And Out,piec holiday decor make home festiv insid,15,1.0,0.13333333333333333,4.2,5.0,0.0,1
Buzzfeed,35 Little Indulgences For Under $10,littl indulg,6,1.0,0.0,5.0,5.5,0.0,1
Buzzfeed,People Admitted The Beyond Horrible Things That Happened To Them During Sex,peopl admit beyond horribl thing happen sex,12,1.0,0.16666666666666666,5.333333333333333,5.285714285714286,0.0,1
Buzzfeed,40 Items Under $50 That’ll Get You A Gold Medal In Gift Giving,item thatll get gold medal gift give,13,1.0,0.23076923076923078,3.8461538461538463,4.285714285714286,0.07692307692307693,1
Buzzfeed,"""This World Will Easily Steal Your Life If You Let It"": Women Are Sharing The Most Surprising Life Lessons They Learned As They Got Older",world easili steal life let woman share surpris life lesson learn got older,25,0.9230769230769231,0.0,4.52,4.846153846153846,0.0,1
Buzzfeed,"Spotify Told A Ton Of People They Belong In Burlington, Cambridge, Or Berkeley, And Now Everyone's Joking About The Three",spotifi told ton peopl belong burlington cambridg berkeley everyon joke three,20,1.0,0.05,5.1,6.090909090909091,0.05,1
Buzzfeed,Spotify Wrapped Just Dropped And The Internet Is Once Again Not Being Calm About It,spotifi wrap drop internet calm,15,1.0,0.0,4.6,5.4,0.0,1
Buzzfeed,"36 Truly Wild Stories About *That One Coworker*, Because Everyone Has One",truli wild stori one cowork everyon one,12,0.8571428571428571,0.16666666666666666,5.166666666666667,4.714285714285714,0.0,1
Buzzfeed,38 Products For Anyone Who Is Long Overdue For A Pampering Session,product anyon long overdu pamper session,12,1.0,0.0,4.583333333333333,5.833333333333333,0.08333333333333333,1
Buzzfeed,32 Crowd-Pleasing Gifts For The People Who Don’t Even Know What They Want,crowdpleas gift peopl dont even know want,13,1.0,0.23076923076923078,4.6923076923076925,5.0,0.0,1
Buzzfeed,Jaw-Dropping Results *And* TikTok Fame – These 34 Products Have All The Major Selling Points,jawdrop result tiktok fame product major sell point,15,1.0,0.06666666666666667,5.2,5.5,0.0,1
Buzzfeed,Anyone Who Has A Kid Under The Age Of 2 Should Consider Adding Some Of These 43 Products To Their Cart,anyon kid age consid ad product cart,21,1.0,0.0,3.9047619047619047,4.285714285714286,0.047619047619047616,1
Buzzfeed,39 Simple Beauty Products That’ll Have A Huge Impact,simpl beauti product thatll huge impact,9,1.0,0.1111111111111111,4.888888888888889,5.666666666666667,0.1111111111111111,1
Buzzfeed,People Are Calling Out Suhana Khan's Take On Alia Bhatt Repeating Outfits And Promoting Sustainability As Tone Deaf,peopl call suhana khan take alia bhatt repeat outfit promot sustain tone deaf,18,1.0,0.05555555555555555,5.444444444444445,5.0,0.0,1
Buzzfeed,These 35 Snazzy Products Will *Actually* Inspire You To Work In Your Home Office,snazzi product actual inspir work home offic,14,1.0,0.07142857142857142,4.785714285714286,5.428571428571429,0.0,1
Buzzfeed,34 Useful Products Travel Lovers Will Definitely Want To Bring From Now On,use product travel lover definit want bring,13,1.0,0.07692307692307693,4.769230769230769,5.285714285714286,0.0,1
Buzzfeed,39 Gifts For The Most Impatient Person You Know,gift impati person know,9,1.0,0.1111111111111111,4.333333333333333,5.0,0.0,1
Buzzfeed,46 Lazy Ways To Make Your Home Look So Much Better,lazi way make home look much better,11,1.0,0.18181818181818182,3.6363636363636362,4.142857142857143,0.0,1
Buzzfeed,45 Gift Ideas For Coworkers You Can’t Go Wrong With,gift idea cowork cant go wrong,10,1.0,0.1,4.2,4.166666666666667,0.0,1
Buzzfeed,30 Toys That'll Make Your Kids Smarter,toy thatll make kid smarter,7,1.0,0.2857142857142857,4.571428571428571,4.6,0.0,1
Buzzfeed,People Are Sharing How Their Views On Sex Have Evolved Since Dating Their First Sexual Partner,peopl share view sex evolv sinc date first sexual partner,16,1.0,0.0625,4.9375,4.8,0.0,1
Buzzfeed,"They Say A Picture Is Worth A Thousand Words, And That Is Absolutely The Case With The Before And Afters For These 30 Beauty Products",say pictur worth thousand word absolut case after beauti product,25,1.0,0.04,4.36,5.5,0.08,1
Buzzfeed,46 Practical Gifts For Your Parents You Might Want To Buy Right This Minute,practic gift parent might want buy right minut,14,1.0,0.14285714285714285,4.428571428571429,4.875,0.0,1
Buzzfeed,"If You Travel A Lot And Still Don’t Have Any Of These 43 Products, You’re Doing It Wrong",travel lot still dont product your wrong,18,1.0,0.0,3.9444444444444446,4.857142857142857,0.05555555555555555,1
Buzzfeed,42 Random Products That Will Add Genuine Joy To Your Life,random product add genuin joy life,11,1.0,0.0,4.2727272727272725,4.833333333333333,0.0,1
Buzzfeed,"Reviewers Say These 34 Pet Products Are ""Lifesavers,"" So, Yes, They're Worth Your Money",review say pet product lifesav ye theyr worth money,14,1.0,0.07142857142857142,5.285714285714286,4.777777777777778,0.0,1
Buzzfeed,18 One-In-A-Million Coincidences That I Can't Believe Actually Happened,oneinamillion coincid cant believ actual happen,9,1.0,0.0,7.0,7.0,0.1111111111111111,1
Buzzfeed,31 Viral TikTok Home Products That Just Make Sense (...To Give As Gifts This Year),viral tiktok home product make sens give gift year,15,1.0,0.2,4.533333333333333,4.666666666666667,0.0,1
Buzzfeed,32 Personal Care Products That Reviewers Over 50 Give Their Stamp Of Approval,person care product review give stamp approv,13,1.0,0.0,5.0,5.428571428571429,0.0,1
Buzzfeed,42 Nail Products That Just Might Be Your New Holy Grails,nail product might new holi grail,11,1.0,0.09090909090909091,4.181818181818182,4.666666666666667,0.0,1
Buzzfeed,66 Inexpensive Gifts To Buy In Bulk,inexpens gift buy bulk,7,1.0,0.14285714285714285,4.142857142857143,4.75,0.0,1
Buzzfeed,People Are Sharing The Pettiest Ways They Got Revenge After A Friendship Ended,peopl share pettiest way got reveng friendship end,13,1.0,0.07692307692307693,5.076923076923077,5.375,0.07692307692307693,1
Buzzfeed,"If You're Tired Of Seeing Mountains Of Mess In Your Home, These 25 Products Can Help",your tire see mountain mess home product help,16,1.0,0.0625,4.3125,4.75,0.0,1
Buzzfeed,11 Times TV And Movie Studios Reallllly Should've Thought Twice Before Using Prosthetics Or Fat Suits,time tv movi studio reallllli shouldv thought twice use prosthet fat suit,16,1.0,0.0,5.375,5.166666666666667,0.0625,1
Buzzfeed,"""I've Seen People Accidentally Make Their Dogs Sick"": Veterinarians And Other Dog Professionals Are Sharing The Things They Want Dog Owners To Know",ive seen peopl accident make dog sick veterinarian dog profession share thing want dog owner know,23,0.875,0.17391304347826086,5.434782608695652,5.125,0.0,1
Buzzfeed,My Jaw Is Physically Sore From Laughing At These 20 Tweets From Black Twitter This Past Week,jaw physic sore laugh tweet black twitter past week,17,1.0,0.0,4.470588235294118,4.777777777777778,0.0,1
Buzzfeed,65 Hilarious Tweets That Had Me Laughing Throughout The Month Of November,hilari tweet laugh throughout month novemb,12,1.0,0.0,5.166666666666667,6.166666666666667,0.0,1
Buzzfeed,The Germiest Places At The Airport You'll Want To Avoid During The Holidays,germiest place airport youll want avoid holiday,13,1.0,0.15384615384615385,4.846153846153846,5.857142857142857,0.0,1
Buzzfeed,28 Products That Are Actually Genius Enough To Handle The Tasks You Really Don’t Want To Do,product actual geniu enough handl task realli dont want,17,1.0,0.11764705882352941,4.411764705882353,5.222222222222222,0.0,1
Buzzfeed,39 Products You’ll Need If You Want Your Winter Travel To Be Less Stressful Than The Train Ride In The Polar Express,product youll need want winter travel le stress train ride polar express,22,1.0,0.09090909090909091,4.318181818181818,5.083333333333333,0.0,1
Buzzfeed,14 People Who Have Lived In Poverty Shared How Being Poor Can Be Super Expensive,peopl live poverti share poor super expens,15,1.0,0.06666666666666667,4.4,5.142857142857143,0.0,1
Buzzfeed,Just 44 Things It Won’t Be A Bad Idea To Stock Up On,thing wont bad idea stock,13,1.0,0.07692307692307693,3.076923076923077,4.2,0.07692307692307693,1
Buzzfeed,"27 Highly-Rated Shoes That Are So Comfortable, Your Cost Per Wear Will Be Almost $0",highlyr shoe comfort cost per wear almost,15,1.0,0.0,4.6,5.0,0.0,1
Buzzfeed,14 Times Tamannaah Bhatia And Vijay Varma Gave Us The Most Wholesome And Intense Relationship Goals,time tamannaah bhatia vijay varma gave u wholesom intens relationship goal,16,1.0,0.0,5.25,5.818181818181818,0.0,1
Buzzfeed,"57 Products That’ll Keep Your Home, Clothing, Car, And Everything In Between Looking And Feeling Fresh",product thatll keep home cloth car everyth look feel fresh,16,1.0,0.125,5.4375,4.9,0.0,1
Buzzfeed,25 Convenient Products If Your WFH Space Is Your Couch,conveni product wfh space couch,10,1.0,0.0,4.5,5.4,0.1,1
Entertainment Weekly,Macaulay Culkin reunites with Home Alone mom Catherine O'Hara,macaulay culkin reunit home alon mom catherin ohara,9,1.0,0.1111111111111111,5.888888888888889,5.5,0.0,1
Entertainment Weekly,Theresa says Gerry's 'Golden Bachelor' proposal pause was a 'mistake',theresa say gerri golden bachelor propos paus mistak,10,1.0,0.1,6.0,5.625,0.0,1
Entertainment Weekly,'Final Destination' star Devon Sawa pokes fun at log death scene,final destin star devon sawa poke fun log death scene,11,1.0,0.0,4.909090909090909,4.4,0.0,1
Entertainment Weekly,Simu Liu says health scare forced him to exit Disney Christmas event,simu liu say health scare forc exit disney christma event,12,1.0,0.08333333333333333,4.75,4.8,0.0,1
Entertainment Weekly,'Frasier' finale first look sees Peri Gilpin return as Roz,frasier final first look see peri gilpin return roz,10,1.0,0.0,4.9,4.777777777777778,0.0,1
Entertainment Weekly,Kelly Clarkson's ex-husband ordered to pay her $2.6 million,kelli clarkson exhusband order pay million,9,1.0,0.0,5.666666666666667,6.166666666666667,0.0,1
Entertainment Weekly,"Mariska Hargitay returns the favor, names her cat after Taylor Swift song",mariska hargitay return favor name cat taylor swift song,12,1.0,0.0,5.166666666666667,5.333333333333333,0.0,1
Entertainment Weekly,Tom Holland says 'Spider-Man 4' would need to do justice to character,tom holland say spiderman would need justic charact,12,1.0,0.08333333333333333,4.833333333333333,5.5,0.0,1
Entertainment Weekly,'Chicago Fire' star Alberto Rosende exiting show in season 12,chicago fire star alberto rosend exit show season,10,1.0,0.1,5.2,5.25,0.0,1
Entertainment Weekly,Disney CEO Bob Iger explains why 'The Marvels' flopped at box office,disney ceo bob iger explain marvel flop box offic,12,1.0,0.0,4.75,4.555555555555555,0.08333333333333333,1
Entertainment Weekly,Timothée Chalamet's 'Wonka' teacup was actually edible,timothé chalamet wonka teacup actual edibl,7,1.0,0.0,6.857142857142857,6.166666666666667,0.0,1
Entertainment Weekly,'Squid Game: The Challenge' player says condoms were used as chapstick,squid game challeng player say condom use chapstick,11,1.0,0.09090909090909091,5.454545454545454,5.5,0.0,1
Entertainment Weekly,Watch trailer for Chad Michael Murray's new Christmas movie,watch trailer chad michael murray new christma movi,9,1.0,0.1111111111111111,5.666666666666667,5.5,0.0,1
Entertainment Weekly,Get ready for a 'Sex and the City'-inspired reality dating show,get readi sex cityinspir realiti date show,11,1.0,0.09090909090909091,4.818181818181818,5.142857142857143,0.0,1
Entertainment Weekly,Frances Sternhagen dead: The Sex and the City actress was 93,franc sternhagen dead sex citi actress,11,1.0,0.0,4.545454545454546,5.5,0.0,1
Entertainment Weekly,Shannen Doherty reveals cancer has spread to her bones,shannen doherti reveal cancer spread bone,9,1.0,0.1111111111111111,5.111111111111111,6.0,0.0,1
Entertainment Weekly,Rita Moreno combats loneliness by making supermarket friends,rita moreno combat loneli make supermarket friend,8,1.0,0.125,6.625,6.142857142857143,0.0,1
Entertainment Weekly,Beyoncé's mom responds to critics saying her daughter wants to be white,beyoncé mom respond critic say daughter want white,12,1.0,0.16666666666666666,5.0,5.375,0.0,1
Entertainment Weekly,Keith Morrison breaks silence on stepson Matthew Perry's death,keith morrison break silenc stepson matthew perri death,9,1.0,0.0,6.0,6.0,0.0,1
Entertainment Weekly,Debi Mazar joins friend Madonna on stage at Celebration Tour,debi mazar join friend madonna stage celebr tour,10,1.0,0.0,5.1,5.125,0.0,1
Entertainment Weekly,Jada Pinkett Smith says she and Will Smith will be 'together forever',jada pinkett smith say smith togeth forev,12,0.8571428571428571,0.08333333333333333,4.833333333333333,5.0,0.0,1
Entertainment Weekly,Ozzy Osbourne shocked to outlive his drinking buddies,ozzi osbourn shock outliv drink buddi,8,1.0,0.125,5.75,5.333333333333333,0.0,1
Entertainment Weekly,Whoopi Goldberg slams Dolly Parton critics over Cowboys outfit,whoopi goldberg slam dolli parton critic cowboy outfit,9,1.0,0.0,6.0,5.875,0.0,1
Entertainment Weekly,Taylor Swift’s Eras Tour movie is coming to streaming,taylor swift era tour movi come stream,9,1.0,0.0,5.0,4.571428571428571,0.0,1
Entertainment Weekly,"Disneyland guest strips naked, runs through It's a Small World ride",disneyland guest strip nake run small world ride,11,1.0,0.0,5.181818181818182,5.125,0.0,1
Entertainment Weekly,'Napoleon' debuts ahead of expectations but behind 'Hunger Games',napoleon debut ahead expect behind hunger game,9,1.0,0.0,6.333333333333333,5.714285714285714,0.0,1
Entertainment Weekly,Twilight director reveals who she would cast in reboot,twilight director reveal would cast reboot,9,1.0,0.1111111111111111,5.111111111111111,6.166666666666667,0.0,1
Entertainment Weekly,Willem Dafoe reveals his ghostly role in Beetlejuice 2,willem dafo reveal ghostli role beetlejuic,9,1.0,0.1111111111111111,5.111111111111111,6.166666666666667,0.0,1
Entertainment Weekly,"Marty Krofft, 'King of Saturday Mornings,' dies at 86",marti krofft king saturday morn dy,9,1.0,0.0,5.0,4.833333333333333,0.0,1
Entertainment Weekly,Missing Irish filmmaker Ross McDonnell confirmed dead by family,miss irish filmmak ross mcdonnel confirm dead famili,9,1.0,0.0,6.111111111111111,5.625,0.0,1
Entertainment Weekly,Why Daryl Hall is suing John Oates,daryl hall su john oat,7,1.0,0.0,4.0,3.6,0.0,1
Entertainment Weekly,Cher's Macy's Thanksgiving Day Parade performance interrupted by glitch,cher maci thanksgiv day parad perform interrupt glitch,9,1.0,0.1111111111111111,7.0,5.875,0.0,1
Entertainment Weekly,"Beyonce makes surprise appearance during Thanksgiving Day parade, previews new 'Renaissance' film",beyonc make surpris appear thanksgiv day parad preview new renaiss film,12,1.0,0.25,7.166666666666667,5.545454545454546,0.0,1
Entertainment Weekly,Whoopi Goldberg reacts to Thanksgiving turkey criticism over gloves,whoopi goldberg react thanksgiv turkey critic glove,9,1.0,0.0,6.555555555555555,6.428571428571429,0.0,1
Entertainment Weekly,Sean Penn praises Matthew Perry for speaking out about addiction battle,sean penn prais matthew perri speak addict battl,11,1.0,0.0,5.545454545454546,5.125,0.0,1
Entertainment Weekly,Daryl Hall filed a restraining order against John Oates,daryl hall file restrain order john oat,9,1.0,0.0,5.222222222222222,4.714285714285714,0.0,1
Entertainment Weekly,Melissa Barrera dropped from 'Scream 7' after posts about Israel-Hamas war,melissa barrera drop scream post israelhama war,11,1.0,0.0,5.818181818181818,5.857142857142857,0.0,1
Entertainment Weekly,'The View' hosts see red flags in Travis Kelce's Taylor Swift interview,view host see red flag travi kelc taylor swift interview,12,1.0,0.0,5.0,4.7,0.0,1
Entertainment Weekly,'Drag Race Germany' winner Pandora Nox is series first cis woman to win,drag race germani winner pandora nox seri first ci woman win,13,1.0,0.0,4.538461538461538,4.545454545454546,0.0,1
Entertainment Weekly,Kristen Stewart 'crashed' Robert Pattinson's birthday party,kristen stewart crash robert pattinson birthday parti,7,1.0,0.0,7.571428571428571,6.714285714285714,0.0,1
Entertainment Weekly,Sarah Paulson remembers Studio 60 costar Matthew Perry,sarah paulson rememb studio costar matthew perri,8,1.0,0.0,5.875,6.0,0.0,1
Entertainment Weekly,See Eddie Murphy as Axel Foley in Beverly Hills Cop 4 first look,see eddi murphi axel foley beverli hill cop first look,13,1.0,0.0,4.0,4.5,0.0,1
Entertainment Weekly,Candace Cameron Bure's daughter Natasha stars in new Christmas movie,candac cameron bure daughter natasha star new christma movi,10,1.0,0.1,5.9,5.666666666666667,0.0,1
Entertainment Weekly,Nicholas Hoult to play Lex Luthor in 'Superman: Legacy',nichola hoult play lex luthor superman legaci,9,1.0,0.0,5.222222222222222,5.571428571428571,0.0,1
Entertainment Weekly,New Jason Bourne movie in the works with director Edward Berger,new jason bourn movi work director edward berger,11,1.0,0.09090909090909091,4.818181818181818,5.125,0.0,1
Entertainment Weekly,Adam Sandler says Roseanne Barr almost sang ‘Chanukah Song’ on 'SNL',adam sandler say roseann barr almost sang chanukah song snl,11,1.0,0.09090909090909091,5.2727272727272725,5.0,0.09090909090909091,1
Entertainment Weekly,'Blue Bloods' starring Tom Selleck to end with season 14,blue blood star tom selleck end season,10,1.0,0.1,4.7,4.571428571428571,0.0,1
Entertainment Weekly,Disney parks boss previews Indiana Jones replacement for Dinosaur ride,disney park bo preview indiana jone replac dinosaur ride,10,1.0,0.0,6.1,5.333333333333333,0.0,1
Entertainment Weekly,Travis Kelce shares how Taylor Swift romance began,travi kelc share taylor swift romanc began,8,1.0,0.0,5.375,5.142857142857143,0.0,1
Entertainment Weekly,How 'The Color Purple' star Fantastia Barrino injected new life into film,color purpl star fantastia barrino inject new life film,12,1.0,0.08333333333333333,5.166666666666667,5.222222222222222,0.0,1
Entertainment Weekly,"Suki Waterhouse, Robert Pattinson expecting first child together",suki waterhous robert pattinson expect first child togeth,8,1.0,0.0,7.125,6.25,0.0,1
Entertainment Weekly,Ballad of Songbirds and Snakes tops box office while The Marvels drops,ballad songbird snake top box offic marvel drop,12,1.0,0.0,4.916666666666667,5.0,0.0,1
Entertainment Weekly,Suzanne Shepherd dead: 'The Sopranos' and 'Goodfellas' actress was 89,suzann shepherd dead soprano goodfella actress,10,1.0,0.0,6.0,6.833333333333333,0.0,1
Entertainment Weekly,Colin Jost holds up sign for Dana Carvey on 'SNL',colin jost hold sign dana carvey snl,10,1.0,0.0,4.0,4.285714285714286,0.1,1
Entertainment Weekly,Joy Behar defends Pride-themed nutcracker against Fox,joy behar defend pridethem nutcrack fox,7,1.0,0.0,6.714285714285714,5.666666666666667,0.0,1
Entertainment Weekly,Dana Carvey's son Dex dies at 32 from drug overdose,dana carvey son dex dy drug overdos,10,1.0,0.0,4.2,4.142857142857143,0.0,1
Entertainment Weekly,'Grey's Anatomy' season 20 gets March premiere date,grey anatomi season get march premier date,8,1.0,0.25,5.5,5.142857142857143,0.0,1
Entertainment Weekly,Joy Behar doesn’t want Taylor Swift stuck with ‘idiot’ Travis Kelce,joy behar doesnt want taylor swift stuck idiot travi kelc,11,1.0,0.09090909090909091,5.181818181818182,4.8,0.0,1
Entertainment Weekly,Rebel Moon's Zack Snyder unravels secrets of his universe,rebel moon zack snyder unravel secret univers,9,1.0,0.1111111111111111,5.444444444444445,5.571428571428571,0.0,1
Entertainment Weekly,'Percy Jackson' trailer: Meet Lin-Manuel Miranda's Hermes in new show,perci jackson trailer meet linmanuel miranda herm new show,10,1.0,0.1,6.0,5.555555555555555,0.0,1
Entertainment Weekly,"Donald Glover, Maya Erskine preview 'Mr. & Mrs. Smith' TV show",donald glover maya erskin preview mr mr smith tv show,11,0.9,0.0,4.7272727272727275,4.4,0.09090909090909091,1
Entertainment Weekly,'Shadow and Bone' canceled after 2 seasons at Netflix,shadow bone cancel season netflix,9,1.0,0.1111111111111111,5.0,5.8,0.0,1
Entertainment Weekly,'Law & Order' star Jeffrey Donovan not returning for season 23,law order star jeffrey donovan return season,11,1.0,0.09090909090909091,4.7272727272727275,5.428571428571429,0.0,1
Entertainment Weekly,Pedro Pascal might be Reed Richards in Marvel’s 'Fantastic Four' movie,pedro pascal might reed richard marvel fantast four movi,11,1.0,0.0,5.454545454545454,5.333333333333333,0.0,1
Entertainment Weekly,Lisa Kudrow remembers 'Friends' costar Matthew Perry,lisa kudrow rememb friend costar matthew perri,7,1.0,0.0,6.571428571428571,5.714285714285714,0.0,1
Entertainment Weekly,Jeff Probst says 'Survivor' quitters will no longer get torch snuffed,jeff probst say survivor quitter longer get torch snuf,11,1.0,0.18181818181818182,5.363636363636363,5.111111111111111,0.0,1
Entertainment Weekly,David Schwimmer pays tribute to late Matthew Perry,david schwimmer pay tribut late matthew perri,8,1.0,0.0,5.375,5.571428571428571,0.0,1
Entertainment Weekly,Barry Williams is longest-lasting 'Brady Bunch' star on 'DWTS',barri william longestlast bradi bunch star dwt,9,1.0,0.0,6.0,5.714285714285714,0.1111111111111111,1
Entertainment Weekly,Billy Porter booed on 'DWTS' for telling Jason Mraz to stop mouthing along,billi porter boo dwt tell jason mraz stop mouth along,13,1.0,0.0,4.769230769230769,4.4,0.07692307692307693,1
Entertainment Weekly,'Young Sheldon' to end with season 7 on CBS,young sheldon end season cb,9,1.0,0.1111111111111111,3.888888888888889,4.6,0.1111111111111111,1
Entertainment Weekly,Courteney Cox honors late Matthew Perry: 'I miss you every day',courteney cox honor late matthew perri miss everi day,11,1.0,0.09090909090909091,4.818181818181818,5.0,0.09090909090909091,1
Entertainment Weekly,Jada Pinkett Smith: Reason for Oscars slap is 'Will's story to tell',jada pinkett smith reason oscar slap will stori tell,12,1.0,0.0,4.75,4.888888888888889,0.0,1
Entertainment Weekly,'Friends' coffee shop Central Perk opens with Matthew Perry tribute,friend coffe shop central perk open matthew perri tribut,10,1.0,0.0,5.8,5.333333333333333,0.0,1
Entertainment Weekly,Billie Eilish blasts trolls who comment on her style,billi eilish blast troll comment style,9,1.0,0.0,4.888888888888889,5.5,0.0,1
Entertainment Weekly,Matt LeBlanc pays tribute to 'Friends' costar Matthew Perry,matt leblanc pay tribut friend costar matthew perri,9,1.0,0.0,5.666666666666667,5.5,0.0,1
Entertainment Weekly,Jason Alexander on possible 'Seinfeld' reunion: 'No one called me',jason alexand possibl seinfeld reunion one call,10,1.0,0.1,5.7,5.857142857142857,0.0,1
Entertainment Weekly,Whoopi Goldberg celebrates her birthday on 'The View',whoopi goldberg celebr birthday view,8,1.0,0.0,5.75,6.4,0.0,1
Entertainment Weekly,'Big Brother' stars Cirie and Matt to guest on 'Bold and the Beautiful',big brother star ciri matt guest bold beauti,13,1.0,0.0,4.538461538461538,4.625,0.0,1
Entertainment Weekly,Denzel Washington and Antoine Fuqua reunite for Netflix move on Hannibal,denzel washington antoin fuqua reunit netflix move hannib,11,1.0,0.0,5.636363636363637,6.25,0.0,1
Entertainment Weekly,Bobby Berk leaves 'Queer Eye' after 8 seasons,bobbi berk leaf queer eye season,8,1.0,0.125,4.75,4.5,0.0,1
Entertainment Weekly,"The 'Loki' season 2 finale, explained",loki season final explain,6,1.0,0.16666666666666666,5.333333333333333,5.5,0.0,1
Entertainment Weekly,'Survivor' and 'Amazing Race' to continue with 90-minute episodes in 2024,survivor amaz race continu minut episod,11,1.0,0.0,5.7272727272727275,5.666666666666667,0.0,1
Entertainment Weekly,Bianca Del Rio reveals new Dead Inside tour dates: See the full list,bianca del rio reveal new dead insid tour date see full list,13,1.0,0.15384615384615385,4.3076923076923075,4.083333333333333,0.0,1
Entertainment Weekly,'The Marvels' has MCU's worst box office opening ever,marvel mcu worst box offic open ever,9,1.0,0.0,5.0,4.285714285714286,0.0,1
Entertainment Weekly,Britney Spears auditions memoir narrators in 'SNL' sketch,britney spear audit memoir narrat snl sketch,8,1.0,0.0,6.25,5.428571428571429,0.125,1
Entertainment Weekly,Leonard Bernstein's wife knew he was bisexual,leonard bernstein wife knew bisexu,7,1.0,0.0,5.571428571428571,6.0,0.0,1
Entertainment Weekly,Taylor Swift changes 'Karma' lyric for Travis Kelce at Eras concert,taylor swift chang karma lyric travi kelc era concert,11,1.0,0.0,5.181818181818182,5.0,0.0,1
Entertainment Weekly,Jamie Lee Curtis and Lindsay Lohan have 'Freaky Friday' reunion,jami lee curti lindsay lohan freaki friday reunion,10,1.0,0.0,5.4,5.375,0.0,1
Entertainment Weekly,Barbra Streisand and James Brolin's romance inspired Aerosmith's 'I Don't Want to Miss a Thing',barbra streisand jame brolin romanc inspir aerosmith dont want miss thing,15,1.0,0.13333333333333333,5.4,5.7272727272727275,0.06666666666666667,1
Entertainment Weekly,Actors' strike ends: What's in the new SAG-AFTRA contract,actor strike end what new sagaftra contract,9,1.0,0.1111111111111111,5.444444444444445,5.285714285714286,0.1111111111111111,1
Entertainment Weekly,"'Game of Thrones' actor Thor Björnsson, wife announce stillbirth",game throne actor thor björnsson wife announc stillbirth,9,1.0,0.0,6.222222222222222,6.125,0.0,1
Entertainment Weekly,Batman meets 'Home Alone' in 'Merry Little Batman' first look,batman meet home alon merri littl batman first look,10,0.8888888888888888,0.1,5.2,4.777777777777778,0.0,1
Entertainment Weekly,'Big Brother' star Matt Klotz says he was 'unprepared' for jury questions,big brother star matt klotz say unprepar juri question,12,1.0,0.08333333333333333,5.166666666666667,5.111111111111111,0.0,1
Entertainment Weekly,Steve Martin is 'so proud' of his novella Shopgirl being banned from school libraries in Florida [Entertainment Weekly],steve martin proud novella shopgirl ban school librari florida entertain weekli,18,1.0,0.0,5.666666666666667,6.2727272727272725,0.0,1
Entertainment Weekly,'Big Brother' to air 'Reindeer Games' all-stars mini-season,big brother air reindeer game allstar miniseason,8,1.0,0.0,6.5,6.0,0.0,1
Entertainment Weekly,'The Golden Bachelor' recap: The sweetest 'Women Tell All' ever,golden bachelor recap sweetest woman tell ever,10,1.0,0.0,5.4,5.714285714285714,0.0,1
Entertainment Weekly,Barbra Streisand thinks she 'probably' slept with Warren Beatty,barbra streisand think probabl slept warren beatti,9,1.0,0.0,6.111111111111111,6.285714285714286,0.0,1
Entertainment Weekly,"'Avatar: The Last Airbender' live-action trailer reveals Appa, premiere date",avatar last airbend liveact trailer reveal appa premier date,10,1.0,0.1,6.7,5.777777777777778,0.0,1
Reuters,Take Five: That most wonderful time of the year,take five wonder time year,9,1.0,0.0,4.333333333333333,4.4,0.0,0
Reuters,UN chief says ending fossil fuel use is only way to save burning planet,un chief say end fossil fuel use way save burn planet,14,1.0,0.07142857142857142,4.142857142857143,3.909090909090909,0.07142857142857142,0
Reuters,Exclusive: Boeing eliminated from US Air Force's 'Doomsday Plane' competition,exclus boe elimin u air forc doomsday plane competit,10,1.0,0.1,6.8,4.888888888888889,0.1,0
Reuters,Competition will make obesity drugs successful,competit make obes drug success,6,1.0,0.16666666666666666,6.833333333333333,5.4,0.0,0
Reuters,Rheinmetall to produce first armored vehicles in Ukraine in 2024 -report,rheinmetal produc first armor vehicl ukrain report,11,1.0,0.0,5.636363636363637,6.285714285714286,0.0,0
Reuters,Walmart says it is not advertising on social platform X,walmart say advertis social platform x,10,1.0,0.1,4.6,5.5,0.1,0
Reuters,Reaction to the death of former US Supreme Court Justice Sandra Day O’Connor,reaction death former u suprem court justic sandra day oconnor,13,1.0,0.07692307692307693,4.923076923076923,5.3,0.07692307692307693,0
Reuters,Historic Mexico church becomes capital’s largest shelter for weary migrants,histor mexico church becom capit largest shelter weari migrant,10,1.0,0.0,6.6,6.0,0.0,0
Reuters,Powell says Fed to move 'carefully' on interest rates with risks 'more balanced',powel say fed move care interest rate risk balanc,13,1.0,0.07692307692307693,5.230769230769231,4.555555555555555,0.0,0
Reuters,US obesity docs expect Lilly weight-loss drug to show similar heart benefit as Wegovy,u obes doc expect lilli weightloss drug show similar heart benefit wegovi,14,1.0,0.0,5.142857142857143,5.166666666666667,0.07142857142857142,0
Reuters,"Tesla falls on long wait for Cybertruck payoff, hefty price tag",tesla fall long wait cybertruck payoff hefti price tag,11,1.0,0.0,4.818181818181818,5.111111111111111,0.0,0
Reuters,"US to limit Chinese firms, battery parts from winning EV tax credits",u limit chines firm batteri part win ev tax credit,12,1.0,0.0,4.75,4.1,0.16666666666666666,0
Reuters,"BNY Mellon to raise minimum wage, add mental health benefits",bni mellon rais minimum wage add mental health benefit,10,1.0,0.0,5.1,5.111111111111111,0.1,0
Reuters,Pfizer drops plan to study twice-daily obesity pill in late-stage studies,pfizer drop plan studi twicedaili obes pill latestag studi,11,0.8888888888888888,0.0,5.7272727272727275,5.555555555555555,0.0,0
Reuters,"Maker of Wegovy, Ozempic showers money on U.S. obesity doctors",maker wegovi ozemp shower money u obes doctor,10,1.0,0.0,5.3,4.75,0.1,0
Reuters,UN flags 127 major climate-warming methane plumes this year,un flag major climatewarm methan plume year,9,1.0,0.0,5.666666666666667,5.285714285714286,0.1111111111111111,0
Reuters,COP28: What are they saying at the U.N. climate summit?,cop say un climat summit,10,1.0,0.1,4.6,4.0,0.2,0
Reuters,Tesla's Cybertruck - top features and specifications,tesla cybertruck top featur specif,7,1.0,0.0,6.571428571428571,6.0,0.0,0
Reuters,Consolidation in US health insurance industry,consolid u health insur industri,6,1.0,0.0,6.666666666666667,5.6,0.16666666666666666,0
Reuters,Tesla to deliver Cybertrucks after Musk tempers expectations,tesla deliv cybertruck musk temper expect,8,1.0,0.0,6.625,6.0,0.0,0
Reuters,More US retailers adopt 'keep it' returns policies to shelter profits in holiday surge,u retail adopt keep return polici shelter profit holiday surg,14,1.0,0.0,5.214285714285714,5.2,0.07142857142857142,0
Reuters,UBS sees shift in new billionaires away from entrepreneurs to inherited wealth,ub see shift new billionair away entrepreneur inherit wealth,12,1.0,0.08333333333333333,5.583333333333333,5.777777777777778,0.08333333333333333,0
Reuters,Mystery illness affecting dogs across the United States,mysteri ill affect dog across unit state,8,1.0,0.125,6.0,4.857142857142857,0.0,0
Reuters,COP28 summit opens with hopes for early deal on climate damage fund,cop summit open hope earli deal climat damag fund,12,1.0,0.0,4.666666666666667,4.555555555555555,0.08333333333333333,0
Reuters,UAW launches bid to organize Tesla and 'entire non-union auto sector',uaw launch bid organ tesla entir nonunion auto sector,11,1.0,0.0,5.363636363636363,5.0,0.09090909090909091,0
Reuters,"US health insurers Humana, Cigna in talks to merge -WSJ",u health insur humana cigna talk merg wsj,10,1.0,0.0,4.6,4.25,0.2,0
Reuters,Italy's Saipem wins contracts in Brazil and Guyana worth $1.9 billion,itali saipem win contract brazil guyana worth billion,11,1.0,0.0,5.363636363636363,5.75,0.0,0
Reuters,Okta Says Hackers Stole Data For All Customer Support Users In Cyber Breach,okta say hacker stole data custom support user cyber breach,13,1.0,0.07692307692307693,4.846153846153846,5.0,0.0,0
Reuters,Walmart shifts to India from China for cheaper imports,walmart shift india china cheaper import,9,1.0,0.0,5.111111111111111,5.833333333333333,0.0,0
Reuters,"Explainer: A guide to UN climate jargon, from NDCs to 'unabated' emissions",explain guid un climat jargon ndc unab emiss,12,1.0,0.0,5.25,4.625,0.16666666666666666,0
Reuters,"Defying Pope's calls for climate action, US Catholic bishops cling to fossil fuels",defi pope call climat action u cathol bishop cling fossil fuel,13,1.0,0.0,5.384615384615385,4.7272727272727275,0.07692307692307693,0
Reuters,"After Munger's death, Berkshire succession comes into focus",munger death berkshir success come focu,8,1.0,0.0,6.5,5.666666666666667,0.0,0
Reuters,COP28 summit: Future of fossil fuels center stage at climate talks,cop summit futur fossil fuel center stage climat talk,11,1.0,0.0,5.090909090909091,5.0,0.09090909090909091,0
Reuters,Unity Software to cut 3.8% of staff in 'company reset',uniti softwar cut staff compani reset,10,1.0,0.0,4.5,5.333333333333333,0.0,0
Reuters,US FAA tightens aircraft certification oversight after Boeing MAX crashes,u faa tighten aircraft certif oversight boe max crash,10,1.0,0.0,6.4,5.0,0.3,0
Reuters,"Charlie Munger, who was Warren Buffett's right-hand man, dies at 99",charli munger warren buffett righthand man dy,11,1.0,0.0,5.181818181818182,5.571428571428571,0.0,0
Reuters,"OBITUARY - Charlie Munger, the 'Oracle of Pasadena' who was Buffett's second-in-command",obituari charli munger oracl pasadena buffett secondincommand,12,1.0,0.0,6.333333333333333,7.857142857142857,0.08333333333333333,0
Reuters,Disney CEO Bob Iger says company is ready to start building,disney ceo bob iger say compani readi start build,11,1.0,0.18181818181818182,4.454545454545454,4.555555555555555,0.09090909090909091,0
Reuters,New York gets $24 mln federal funding to bolster electric grid,new york get mln feder fund bolster electr grid,11,1.0,0.18181818181818182,4.7272727272727275,4.333333333333333,0.0,0
Reuters,Bank of America pays $12 mln fine for reporting false mortgage data,bank america pay mln fine report fals mortgag data,12,1.0,0.0,4.666666666666667,4.666666666666667,0.0,0
Reuters,US Cyber Monday sales hit record $12.4 billion on big discounts - report,u cyber monday sale hit record billion big discount report,13,1.0,0.0,4.615384615384615,4.9,0.07692307692307693,0
Reuters,WHO authorizes emergency use of Novavax's updated COVID vaccine,author emerg use novavax updat covid vaccin,9,1.0,0.0,6.111111111111111,5.285714285714286,0.2222222222222222,0
Reuters,Exclusive: Toyota group companies plan $4.7 bln sale of Denso stake -sources,exclus toyota group compani plan bln sale denso stake sourc,12,1.0,0.08333333333333333,5.416666666666667,5.0,0.0,0
Reuters,"Lilly's Mounjaro leads to more and faster weight loss than Novo obesity drug, data analysis finds",lilli mounjaro lead faster weight loss novo obes drug data analysi find,16,1.0,0.0,5.125,5.0,0.0,0
Reuters,Deal-hunters on track to spend record $12 bln in US Cyber Monday shopping spree,dealhunt track spend record bln u cyber monday shop spree,14,1.0,0.0,4.714285714285714,4.8,0.07142857142857142,0
Reuters,"3M, DuPont Defeat Class Action over Forever Chemicals",dupont defeat class action forev chemic,8,1.0,0.0,5.75,5.666666666666667,0.125,0
Reuters,Focus: Tesla on two wheels? India's Ola Electric feels the strains of success,focu tesla two wheel india ola electr feel strain success,13,1.0,0.0,5.0,4.8,0.0,0
Reuters,Deutsche Bank sees 12% upside to S&P 500 through 2024-end,deutsch bank see upsid sp end,10,1.0,0.0,4.8,4.0,0.1,0
Reuters,Britain detects first human case of flu strain similar to pig virus,britain detect first human case flu strain similar pig viru,12,1.0,0.0,4.666666666666667,5.0,0.0,0
Reuters,Volkswagen to reduce headcount at 'no longer competitive' VW brand,volkswagen reduc headcount longer competit vw brand,10,1.0,0.0,5.7,6.428571428571429,0.1,0
Reuters,"Global bank ranking removes Unicredit and moves up UBS, China banks",global bank rank remov unicredit move ub china bank,11,0.8888888888888888,0.0,5.181818181818182,4.777777777777778,0.09090909090909091,0
Reuters,Price-sensitive US shoppers nab early 'Cyber Monday' deals,pricesensit u shopper nab earli cyber monday deal,8,1.0,0.0,6.375,5.25,0.125,0
Reuters,Explainer: What's the plan for this year's COP28 climate summit?,explain what plan year cop climat summit,10,1.0,0.0,5.5,4.857142857142857,0.1,0
Reuters,COP28 climate summit puts spotlight on turning methane pledges into action,cop climat summit put spotlight turn methan pledg action,11,1.0,0.0,5.818181818181818,5.333333333333333,0.09090909090909091,0
Reuters,Biden to skip COP climate meeting in Dubai- official,biden skip cop climat meet dubai offici,9,1.0,0.0,4.888888888888889,4.714285714285714,0.1111111111111111,0
Reuters,Focus: Indian drug manufacturers benefit from Big Pharma interest beyond China,focu indian drug manufactur benefit big pharma interest beyond china,11,1.0,0.0,6.181818181818182,5.9,0.0,0
Reuters,Court fines Germany's Uniper $600 million over LNG contract pricing,court fine germani unip million lng contract price,10,1.0,0.0,5.8,5.375,0.1,0
Reuters,"Germany's Kuehne examines offer for Signa's Hamburg skyscraper, Handelsblatt reports",germani kuehn examin offer signa hamburg skyscrap handelsblatt report,10,1.0,0.0,7.5,6.777777777777778,0.0,0
Reuters,Shoppers click 'buy' as retailers slash prices ahead of Cyber Monday,shopper click buy retail slash price ahead cyber monday,11,1.0,0.0,5.2727272727272725,5.222222222222222,0.0,0
Reuters,US Black Friday sales rise 2.5% -Mastercard Spendingpulse,u black friday sale rise mastercard spendingpuls,8,1.0,0.0,6.25,6.0,0.125,0
Reuters,X may lose up to $75M by year-end on advertiser exodus,x may lose yearend advertis exodu,11,1.0,0.0,4.0,4.666666666666667,0.18181818181818182,0
Reuters,Sri Lanka to OK Sinopec's $4.5 bln refinery proposal on Monday -minister,sri lanka ok sinopec bln refineri propos monday minist,12,1.0,0.0,5.083333333333333,5.111111111111111,0.08333333333333333,0
Reuters,"World's largest iceberg breaks free, heads toward Southern Ocean",world largest iceberg break free head toward southern ocean,9,1.0,0.0,6.222222222222222,5.666666666666667,0.0,0
Reuters,Buffett's Berkshire Hathaway exits India's Paytm in $165 million deal,buffett berkshir hathaway exit india paytm million deal,10,1.0,0.0,6.0,6.0,0.0,0
Reuters,Swedish union blocks Tesla components as dispute intensifies,swedish union block tesla compon disput intensifi,8,1.0,0.0,6.625,6.142857142857143,0.0,0
Reuters,"Tesla ready to invest up to $2 bln to build India factory, but with riders -ET",tesla readi invest bln build india factori rider et,16,1.0,0.0,3.9375,4.777777777777778,0.0625,0
Reuters,Grid operator to interfere in Finnish electricity market after bidding error,grid oper interfer finnish electr market bid error,11,1.0,0.0,6.0,5.375,0.0,0
Reuters,Explainer: Global fossil fuel subsidies on the rise despite calls for phase-out,explain global fossil fuel subsidi rise despit call phaseout,12,1.0,0.0,5.666666666666667,5.777777777777778,0.0,0
Reuters,"Exclusive: Barclays working on $1.25 billion cost plan, could cut up to 2,000 jobs -source",exclus barclay work billion cost plan could cut job sourc,15,1.0,0.06666666666666667,5.066666666666666,4.8,0.0,0
Reuters,Don't press 'pandemic panic button' scientists caution on China pneumonia report,dont press pandem panic button scientist caution china pneumonia report,11,1.0,0.0,6.363636363636363,6.2,0.0,0
Reuters,Sam Altman's ouster was precipitated by letter to board about AI breakthrough,sam altman ouster precipit letter board ai breakthrough,12,1.0,0.0,5.5,6.0,0.08333333333333333,0
Reuters,FAA approves Boeing to start 737 MAX 10 certification flight tests,faa approv boe start max certif flight test,11,1.0,0.09090909090909091,5.090909090909091,4.5,0.18181818181818182,0
Reuters,Sony facing $7.9B mass lawsuit over Playstation Store prices,soni face b mass lawsuit playstat store price,9,1.0,0.0,5.777777777777778,4.75,0.1111111111111111,0
Reuters,Deere forecasts downbeat profit as high borrowing costs pinch demand,deer forecast downbeat profit high borrow cost pinch demand,10,1.0,0.0,5.9,5.666666666666667,0.0,0
Reuters,Mitsubishi Heavy expects to double defence revenue next year,mitsubishi heavi expect doubl defenc revenu next year,9,1.0,0.0,5.777777777777778,5.75,0.0,0
Reuters,Planting 'koala corridors' to save Australia's endangered marsupial,plant koala corridor save australia endang marsupi,8,1.0,0.0,7.5,6.285714285714286,0.0,0
Reuters,Citi makes new appointments in Asia Pacific as part of restructuring,citi make new appoint asia pacif part restructur,11,1.0,0.18181818181818182,5.2727272727272725,5.125,0.0,0
Reuters,Why carbon capture is no easy solution to climate change,carbon captur easi solut climat chang,10,1.0,0.0,4.7,5.333333333333333,0.0,0
Reuters,Economic models buckle under strain of climate reality,econom model buckl strain climat realiti,8,1.0,0.0,5.875,5.833333333333333,0.0,0
Reuters,Buffett says Berkshire has the 'right CEO' to succeed him,buffett say berkshir right ceo succeed,10,1.0,0.1,4.8,5.5,0.1,0
Reuters,OpenAI investors considering suing the board after CEO's abrupt firing,openai investor consid su board ceo abrupt fire,10,1.0,0.0,6.1,5.0,0.0,0
Reuters,Giant batteries drain economics of gas power plants,giant batteri drain econom ga power plant,8,1.0,0.0,5.5,5.0,0.0,0
Reuters,Tesla Launched Its Own Car Insurance. These Drivers Say It's A Lemon,tesla launch car insur driver say lemon,12,1.0,0.08333333333333333,4.75,4.714285714285714,0.08333333333333333,0
Reuters,OpenAI's board approached Anthropic CEO about top job and merger,openai board approach anthrop ceo top job merger,10,1.0,0.0,5.5,5.125,0.1,0
Reuters,Indian researchers find no link between sudden death and COVID shots,indian research find link sudden death covid shot,11,1.0,0.0,5.2727272727272725,5.25,0.09090909090909091,0
Reuters,"Venmo, Cash App users sue Apple over peer-to-peer payment fees",venmo cash app user sue appl peertop payment fee,10,1.0,0.0,5.3,4.444444444444445,0.0,0
Reuters,Wells Fargo employees at two branches mount unionization campaign,well fargo employe two branch mount union campaign,9,1.0,0.0,6.333333333333333,5.375,0.0,0
Reuters,US to offer more free COVID tests nationwide,u offer free covid test nationwid,8,1.0,0.0,4.625,4.666666666666667,0.25,0
Reuters,"Researchers return to Alzheimer's vaccines, buoyed by recent drug success",research return alzheim vaccin buoy recent drug success,10,1.0,0.0,6.4,6.0,0.0,0
Reuters,Wegovy craze was all the rage on Q3 earnings calls,wegovi craze rage q earn call,10,1.0,0.0,4.1,4.0,0.1,0
Reuters,"Citigroup employees brace for layoffs, management overhaul - sources",citigroup employe brace layoff manag overhaul sourc,9,1.0,0.0,6.666666666666667,6.428571428571429,0.0,0
Reuters,Spanish supermarkets lock up olive oil as shoplifting surges,spanish supermarket lock oliv oil shoplift surg,9,1.0,0.0,5.777777777777778,5.857142857142857,0.0,0
Reuters,GM's cruise CEO resigns from company - email,gm cruis ceo resign compani email,8,1.0,0.0,4.625,4.666666666666667,0.125,0
